11.1,11.2,11.4,11.5,11.6,11.7,11.9,12.1,12.7,13.9,14.9,15.7,16.1,16.6,16.6,16.3,15.6,14.8,14.4,14.5,14.7,14.7,14.6,14.4,14.4,14.2,14.2,14.4,14.3,14.0,13.8,13.7,14.1,15.1,16.6,17.4,18.5,18.7,17.8,17.7,16.7,15.8,15.6,15.6,15.6,15.7,15.6,15.3,14.5,13.8,13.5,13.2,13.2,13.3,13.9,14.5,16.4,19.3,20.9,22.2,23.1,22.6,21.2,21.0,20.1,19.1,18.6,18.7,18.8,18.7,18.3,18.2,18.0,17.8,17.4,17.2,17.0,16.7,16.6,16.7,16.9,17.2,17.6,17.7,17.5,17.9,18.5,18.5,18.3,18.2,18.1,18.1,18.0,17.8,17.8,17.8,17.4,17.1,17.0,17.2,17.0,16.6,16.6,17.0,16.7,17.0,17.4,17.7,17.6,17.7,17.5,16.8,16.9,16.4,15.9,15.7,15.6,15.9,15.6,15.6,15.7,15.6,15.5,15.5,15.6,15.5,15.5,15.5,15.8,16.5,17.2,17.3,17.1,17.0,16.3,15.8,15.4,15.2,14.9,14.8,14.5,14.6,14.5,14.5,14.3,14.3,14.1,14.0,14.0,13.7,13.3,12.9,12.6,12.5,12.5,12.5,12.5,12.7,12.8,12.9,12.2,11.7,11.3,11.1,10.9,10.7,10.6,10.4,9.6,8.7,7.9,7.7,7.5,7.5,7.5,7.5,7.7,8.2,8.7,8.7,8.5,8.2,8.2,8.2,8.4,8.4,8.6,8.5,8.5,8.7,8.9,8.9,8.6,8.3,8.3,8.3,8.2,8.1,8.3,8.6,9.8,10.9,11.5,11.4,11.3,10.8,10.8,10.9,10.3,9.5,9.1,9.0,9.2,9.3,9.5,9.7,9.8,9.9,10.1,10.2,10.7,11.2,11.4,11.8,12.7,14.4,15.7,16.5,17.5,16.8,16.3,16.1,15.1,14.5,14.4,14.3,14.4,14.6,14.7,14.3,13.6,13.3,12.9,12.6,12.5,12.7,12.7,12.6,12.5,12.5,12.6,12.7,12.6,11.7,11.2,10.8,10.8,10.6,10.4,10.3,10.0,9.7,9.5,9.4,9.4,9.3,9.3,8.9,8.8,8.9,9.2,9.6,10.0,10.5,11.6,12.9,13.9,14.5,14.0,14.0,13.0,11.8,10.9,10.3,10.0,9.7,9.5,9.6,9.3,9.0,8.9,8.6,8.2,7.9,8.0,8.3,10.2,13.4,16.2,18.4,19.6,20.0,19.2,19.1,17.7,16.5,16.1,15.8,14.8,13.6,13.5,13.2,12.7,12.2,12.1,12.0,11.5,11.5,11.2,11.1,12.7,15.4,17.6,19.6,21.0,20.6,19.4,19.7,19.5,18.9,17.8,16.3,15.6,14.7,14.0,13.4,13.0,12.7,12.3,12.0,11.8,11.6,11.6,12.0,13.6,16.5,18.7,20.1,20.2,20.2,19.8,20.2,19.8,18.5,17.6,17.2,16.9,16.1,15.3,14.8,14.3,14.1,14.7,15.0,18.2,18.9,18.1,18.8,19.3,21.3,22.6,23.4,22.6,21.5,20.5,19.8,19.0,17.9,17.5,17.1,16.7,16.3,15.9,15.6,15.2,15.1,15.3,15.4,15.4,14.9,14.9,14.8,15.1,15.3,15.7,15.3,15.5,15.3,14.9,15.4,14.6,13.6,13.2,13.1,13.0,12.9,12.8,12.8,13.0,12.8,12.7,12.6,12.7,12.8,12.7,12.8,14.0,15.5,16.6,17.6,18.2,18.3,17.6,17.6,16.7,15.6,15.0,14.7,14.6,14.5,14.4,14.3,14.2,14.1,14.0,14.0,14.1,14.2,14.2,14.6,16.3,18.6,20.6,22.0,23.1,23.6,23.3,23.3,22.3,20.5,19.1,18.3,17.8,17.2,16.8,16.5,16.3,16.3,15.7,15.0,14.7,14.6,14.4,14.6,16.6,19.6,22.0,22.8,23.7,24.7,24.0,23.9,23.0,21.7,20.6,19.8,19.5,19.1,18.9,18.6
2.01,1.99,2.0,2.02,2.03,2.02,2.02,2.01,2.03,2.03,2.01,2.01,1.99,1.99,1.98,1.97,1.97,2.0,2.02,2.01,2.01,2.0,1.98,1.98,2.01,2.04,2.02,1.99,1.97,1.96,1.97,1.97,1.97,1.99,1.99,1.98,1.97,1.96,1.94,1.94,1.94,1.95,1.96,1.95,1.95,1.94,1.97,2.01,2.45,2.42,2.09,2.08,2.13,2.13,2.12,2.08,2.04,1.98,1.97,1.97,1.96,1.92,1.92,1.93,1.92,1.95,1.97,1.99,1.97,1.96,1.95,1.95,1.95,1.95,1.95,1.96,1.95,1.95,1.96,1.96,1.96,1.97,1.98,1.96,1.96,1.97,1.95,1.94,1.95,1.95,1.96,1.96,1.96,1.96,1.95,1.96,1.96,1.94,1.96,1.96,1.94,1.94,1.94,1.95,1.94,1.94,1.94,1.94,1.95,1.94,1.94,1.95,1.97,1.96,1.96,1.96,1.96,1.97,1.96,1.96,1.97,1.96,1.96,1.96,1.99,1.99,2.01,2.0,2.0,1.97,1.97,1.98,1.97,1.97,1.97,1.98,1.98,1.98,1.98,1.97,1.96,1.97,1.96,1.96,1.96,1.96,1.97,1.98,1.97,1.97,2.0,1.99,2.0,2.01,2.0,2.0,1.99,1.99,1.98,1.99,1.98,1.99,2.01,2.0,2.0,1.99,1.99,1.98,1.99,1.99,1.97,1.97,1.96,1.96,1.96,1.96,1.96,1.96,1.98,1.98,1.98,1.97,1.97,1.96,1.96,1.96,1.95,1.97,1.97,1.97,1.95,1.95,1.96,1.98,1.99,2.01,1.98,2.0,1.97,1.97,1.97,1.97,1.97,1.99,1.99,1.97,1.98,1.98,1.98,2.0,2.01,2.01,2.0,1.99,1.98,1.99,1.99,1.99,1.98,1.99,1.98,1.98,1.97,1.95,1.95,1.95,1.96,1.97,1.96,1.94,1.95,1.94,1.96,1.96,1.96,1.96,1.95,1.96,1.96,1.96,1.97,1.96,1.97,1.99,2.01,2.0,1.99,1.99,1.99,2.0,2.02,2.01,2.0,1.98,2.01,2.03,2.05,2.02,2.06,2.05,2.03,2.0,1.99,1.99,1.99,1.98,1.98,1.99,1.99,2.0,1.99,2.0,2.01,2.06,2.05,2.02,2.03,2.01,2.01,2.02,2.03,2.04,2.05,2.05,2.09,2.07,2.05,2.06,2.08,2.09,2.08,2.07,2.05,1.98,2.0,2.01,1.94,1.92,1.93,1.97,1.99,1.99,2.01,2.01,1.99,1.98,2.05,2.05,2.09,2.11,2.07,2.07,2.1,2.05,2.0,2.01,2.03,1.97,1.98,2.19,2.45,2.32,2.12,2.08,2.0,1.98,1.98,2.0,1.98,2.08,2.7,2.56,2.58,2.58,2.48,2.47,2.76,2.63,2.65,2.45,2.36,2.49,2.29,2.38,2.28,2.15,2.03,1.98,1.97,1.94,1.92,1.93,2.02,2.01,2.07,2.07,2.13,2.16,2.17,2.12,2.1,2.2,2.19,2.15,1.93,1.92,1.95,1.93,1.96,1.95,1.94,1.93,1.97,1.97,1.98,1.98,1.99,2.0,2.0,1.98,1.97,1.96,1.96,1.95,1.95,1.94,1.93,1.93,1.93,1.93,1.94,1.94,1.95,1.98,1.97,1.96,1.96,1.95,1.95,1.96,1.97,2.0,2.01,2.0,1.99,1.98,1.99,1.97,1.98,2.0,2.01,2.01,2.01,2.01,2.03,2.02,1.99,1.99,1.99,1.97,1.96,1.95,1.95,1.95,1.95,1.95,1.95,1.95,1.95,1.95,1.95,1.96,1.96,1.97,1.99,2.01,1.98,1.96,1.95,1.97,1.94,1.95,1.95,1.93,1.94,1.92,1.92,1.94,1.96,1.95,1.96,1.99,2.0,1.98,1.98,1.99,2.02,2.13,2.61,2.51,2.43,2.07,2.06,2.08,2.05,2.1,2.12,2.18,2.1,2.05,2.05,2.02,2.05,2.05,2.04,2.0,2.09,2.15,2.14,2.37
0.31,0.28,0.28,0.33,0.32,0.26,0.25,0.27,0.32,0.34,0.33,0.34,0.32,0.32,0.31,0.29,0.29,0.33,0.34,0.34,0.34,0.29,0.24,0.21,0.23,0.32,0.31,0.3,0.3,0.27,0.28,0.3,0.33,0.35,0.36,0.36,0.34,0.34,0.32,0.31,0.3,0.33,0.34,0.34,0.34,0.31,0.34,0.37,0.63,0.51,0.38,0.32,0.32,0.33,0.37,0.38,0.41,0.33,0.32,0.32,0.29,0.26,0.26,0.25,0.25,0.3,0.32,0.35,0.32,0.27,0.25,0.23,0.22,0.19,0.19,0.19,0.19,0.2,0.22,0.3,0.31,0.28,0.28,0.28,0.27,0.27,0.27,0.28,0.29,0.33,0.34,0.29,0.29,0.28,0.24,0.22,0.21,0.17,0.18,0.18,0.18,0.19,0.21,0.29,0.28,0.28,0.27,0.27,0.27,0.26,0.26,0.28,0.31,0.33,0.33,0.31,0.29,0.3,0.26,0.24,0.24,0.26,0.25,0.25,0.27,0.27,0.34,0.44,0.49,0.43,0.41,0.41,0.41,0.37,0.36,0.38,0.38,0.41,0.37,0.34,0.32,0.32,0.3,0.28,0.28,0.29,0.3,0.31,0.32,0.33,0.37,0.42,0.44,0.44,0.45,0.45,0.44,0.42,0.4,0.37,0.35,0.37,0.37,0.38,0.37,0.34,0.32,0.32,0.32,0.29,0.26,0.25,0.26,0.25,0.27,0.32,0.36,0.33,0.36,0.32,0.31,0.28,0.27,0.26,0.26,0.3,0.3,0.34,0.33,0.31,0.24,0.23,0.24,0.32,0.29,0.3,0.28,0.32,0.31,0.29,0.31,0.33,0.31,0.31,0.29,0.29,0.31,0.31,0.3,0.34,0.37,0.41,0.38,0.34,0.33,0.33,0.33,0.26,0.25,0.25,0.25,0.25,0.24,0.23,0.25,0.25,0.26,0.3,0.27,0.26,0.27,0.26,0.3,0.29,0.29,0.28,0.26,0.24,0.25,0.23,0.23,0.22,0.22,0.24,0.27,0.26,0.25,0.34,0.35,0.34,0.34,0.32,0.32,0.3,0.35,0.39,0.44,0.47,0.49,0.46,0.42,0.37,0.31,0.29,0.31,0.36,0.34,0.35,0.35,0.36,0.39,0.53,0.58,0.61,0.6,0.47,0.48,0.44,0.45,0.46,0.48,0.52,0.58,0.62,0.71,0.66,0.59,0.54,0.52,0.46,0.43,0.37,0.32,0.29,0.33,0.52,0.49,0.4,0.37,0.43,0.42,0.43,0.31,0.29,0.29,0.31,0.51,0.6,0.66,0.64,0.46,0.38,0.34,0.32,0.27,0.23,0.22,0.2,0.25,0.64,1.08,1.18,0.59,0.63,0.45,0.42,0.43,0.42,0.43,0.73,2.3,1.96,2.39,1.87,1.47,1.03,0.97,0.74,0.64,0.45,0.37,0.39,0.43,0.94,1.21,1.0,0.58,0.42,0.35,0.3,0.28,0.3,0.45,0.51,0.64,0.69,0.79,0.94,0.87,0.65,0.57,0.62,0.54,0.44,0.18,0.18,0.22,0.26,0.34,0.32,0.29,0.3,0.45,0.49,0.51,0.49,0.49,0.5,0.46,0.39,0.33,0.29,0.26,0.24,0.23,0.21,0.2,0.2,0.19,0.2,0.2,0.22,0.25,0.28,0.27,0.27,0.26,0.25,0.26,0.28,0.3,0.34,0.39,0.38,0.36,0.33,0.35,0.29,0.28,0.27,0.26,0.25,0.22,0.22,0.28,0.41,0.37,0.31,0.33,0.29,0.28,0.24,0.26,0.27,0.3,0.3,0.32,0.29,0.26,0.23,0.21,0.2,0.18,0.19,0.18,0.19,0.16,0.16,0.19,0.37,0.34,0.3,0.28,0.25,0.25,0.24,0.26,0.27,0.31,0.34,0.42,0.49,0.5,0.46,0.39,0.36,0.32,0.4,0.46,0.4,0.41,0.3,0.37,0.62,0.79,0.77,0.7,0.59,0.56,0.47,0.44,0.43,0.49,0.62,0.65,0.51,0.64,0.71,0.62,0.84
0.1,0.1,0.08,0.09,0.1,0.07,0.07,0.08,0.1,0.09,0.08,0.09,0.08,0.07,0.06,0.07,0.08,0.12,0.13,0.1,0.1,0.09,0.05,0.06,0.08,0.06,0.09,0.06,0.05,0.04,0.05,0.06,0.07,0.07,0.08,0.09,0.08,0.06,0.06,0.05,0.04,0.06,0.06,0.06,0.05,0.05,0.05,0.07,0.22,0.19,0.07,0.06,0.09,0.09,0.12,0.09,0.09,0.07,0.07,0.07,0.07,0.04,0.03,0.03,0.05,0.06,0.1,0.12,0.1,0.06,0.07,0.05,0.04,0.03,0.04,0.02,0.02,0.03,0.03,0.07,0.09,0.09,0.09,0.09,0.09,0.09,0.09,0.12,0.1,0.12,0.13,0.11,0.11,0.11,0.1,0.09,0.05,0.05,0.05,0.05,0.03,0.03,0.02,0.05,0.05,0.07,0.06,0.07,0.07,0.07,0.07,0.09,0.11,0.1,0.09,0.07,0.08,0.08,0.05,0.05,0.05,0.05,0.05,0.04,0.07,0.07,0.09,0.11,0.12,0.11,0.11,0.15,0.11,0.11,0.14,0.15,0.14,0.13,0.11,0.08,0.08,0.07,0.07,0.06,0.07,0.06,0.06,0.06,0.06,0.05,0.07,0.08,0.1,0.1,0.11,0.12,0.1,0.1,0.1,0.1,0.08,0.09,0.09,0.08,0.08,0.08,0.07,0.06,0.06,0.06,0.06,0.06,0.06,0.05,0.08,0.09,0.1,0.1,0.14,0.13,0.11,0.1,0.1,0.1,0.08,0.11,0.11,0.11,0.1,0.08,0.06,0.05,0.07,0.09,0.06,0.09,0.08,0.11,0.07,0.07,0.08,0.07,0.07,0.07,0.06,0.06,0.08,0.07,0.07,0.09,0.1,0.12,0.12,0.09,0.09,0.09,0.1,0.07,0.07,0.07,0.06,0.06,0.05,0.03,0.04,0.04,0.04,0.07,0.06,0.05,0.05,0.05,0.08,0.05,0.06,0.05,0.04,0.03,0.03,0.03,0.02,0.03,0.04,0.06,0.06,0.05,0.05,0.09,0.08,0.11,0.11,0.12,0.11,0.11,0.15,0.16,0.18,0.17,0.17,0.17,0.13,0.11,0.08,0.08,0.06,0.07,0.06,0.06,0.06,0.06,0.08,0.11,0.14,0.18,0.2,0.11,0.12,0.1,0.11,0.12,0.13,0.15,0.19,0.21,0.3,0.29,0.19,0.17,0.25,0.23,0.17,0.13,0.09,0.07,0.09,0.14,0.12,0.11,0.11,0.19,0.15,0.13,0.11,0.11,0.11,0.11,0.28,0.27,0.26,0.24,0.19,0.16,0.16,0.11,0.08,0.07,0.07,0.05,0.06,0.2,0.39,0.4,0.22,0.22,0.17,0.16,0.16,0.14,0.14,0.25,0.92,0.76,0.92,0.71,0.56,0.39,0.41,0.36,0.28,0.22,0.18,0.21,0.18,0.33,0.41,0.34,0.19,0.13,0.1,0.09,0.09,0.1,0.13,0.17,0.27,0.26,0.28,0.35,0.32,0.23,0.21,0.24,0.26,0.18,0.02,0.02,0.06,0.06,0.12,0.08,0.07,0.09,0.1,0.1,0.1,0.1,0.09,0.11,0.09,0.08,0.07,0.05,0.04,0.04,0.04,0.03,0.02,0.02,0.02,0.02,0.02,0.03,0.04,0.06,0.05,0.05,0.05,0.05,0.05,0.05,0.07,0.08,0.1,0.09,0.07,0.07,0.07,0.06,0.05,0.07,0.08,0.08,0.07,0.08,0.08,0.13,0.12,0.1,0.1,0.1,0.09,0.08,0.09,0.09,0.12,0.1,0.1,0.09,0.06,0.05,0.04,0.04,0.04,0.04,0.04,0.06,0.04,0.04,0.06,0.1,0.09,0.09,0.09,0.08,0.1,0.11,0.13,0.12,0.13,0.14,0.16,0.22,0.21,0.16,0.13,0.11,0.11,0.15,0.23,0.2,0.19,0.09,0.1,0.17,0.23,0.31,0.49,0.33,0.24,0.2,0.21,0.16,0.19,0.22,0.26,0.18,0.21,0.24,0.23,0.32
1.5,1.4,1.4,1.5,1.4,1.3,1.4,1.9,3.2,5.1,4.4,4.8,4.1,3.7,3.5,2.6,2.3,2.0,1.8,1.8,1.8,1.7,1.5,1.4,1.5,0.9,0.6,0.5,0.6,0.7,0.5,0.9,1.2,2.1,3.0,2.8,2.7,2.9,2.3,1.8,1.2,1.1,1.0,0.9,1.1,0.8,0.8,0.9,3.0,2.2,0.9,0.7,0.7,0.6,1.2,2.4,3.8,2.3,1.9,1.7,1.6,1.2,1.0,0.8,0.8,0.8,0.5,0.6,0.5,0.5,0.5,0.6,0.6,1.1,0.9,0.9,0.9,0.8,0.9,1.3,1.8,1.8,2.1,2.3,1.6,1.7,1.7,1.5,1.5,1.1,1.0,1.1,1.0,1.1,0.8,0.9,1.0,0.4,0.7,0.6,0.6,0.8,0.7,1.0,1.1,2.0,2.0,1.9,1.6,1.6,1.6,1.5,1.4,1.2,1.0,0.8,0.8,1.0,0.8,0.8,0.6,0.3,0.0,0.1,0.3,0.2,0.2,0.6,1.4,1.9,2.0,1.1,1.1,1.6,1.6,1.5,1.5,1.1,0.8,1.0,0.9,0.9,0.8,0.9,0.7,1.5,1.2,1.1,1.2,1.2,1.4,1.7,2.0,2.4,2.5,2.7,3.6,3.2,3.0,3.1,2.4,2.0,1.8,1.6,1.7,1.6,1.5,1.2,1.0,1.0,1.1,0.8,0.8,0.9,1.2,1.7,2.8,3.6,4.0,3.7,2.7,2.2,2.5,2.4,2.4,2.0,1.7,2.2,1.9,1.9,1.4,1.1,1.1,1.8,1.7,1.9,1.8,1.8,1.9,2.6,4.2,5.0,5.0,4.0,3.9,3.7,4.1,3.8,3.1,2.7,2.4,2.6,2.3,2.1,2.1,1.9,1.7,0.9,1.0,1.1,1.0,1.3,1.2,1.5,1.9,2.4,2.3,2.6,2.8,2.1,2.1,1.7,1.7,1.6,1.4,1.2,1.2,1.2,1.3,1.0,1.0,1.4,1.0,1.3,1.3,1.3,1.3,1.7,1.8,2.4,3.0,3.1,2.4,2.0,1.9,2.3,3.1,2.7,2.1,2.1,2.0,2.0,1.5,1.4,1.3,1.7,1.5,1.6,1.8,1.6,1.8,3.8,5.4,8.9,14.4,4.7,4.5,3.7,3.4,2.9,2.6,1.8,1.9,2.1,2.2,2.6,2.2,1.7,1.6,2.0,1.8,1.8,1.6,1.4,1.9,7.4,9.0,9.0,7.9,9.5,5.9,5.5,3.2,1.9,1.4,0.5,0.8,2.6,4.6,7.2,1.5,1.1,0.8,1.0,1.1,1.3,1.4,1.2,1.9,20.9,36.0,34.8,14.5,9.7,6.5,5.3,4.3,3.5,2.5,1.7,40.3,32.7,80.3,58.6,39.9,21.2,14.4,11.1,8.1,4.3,3.1,7.6,11.2,41.1,52.6,36.5,7.8,5.7,3.8,2.6,1.5,1.1,1.1,0.8,0.8,0.8,1.1,3.2,6.3,2.4,1.3,1.7,10.7,3.8,1.0,0.9,0.8,1.2,3.1,3.5,2.8,2.7,1.9,1.5,1.4,1.5,1.3,0.9,1.1,0.9,0.8,0.7,0.7,0.7,0.6,0.6,0.7,0.9,0.9,0.9,0.8,1.1,1.4,1.7,1.9,1.8,1.6,1.7,1.7,1.8,1.9,1.3,1.2,1.0,1.1,1.1,1.2,1.0,0.9,1.3,1.2,1.5,1.4,1.2,1.7,3.5,4.6,4.2,4.6,4.1,3.6,3.3,3.4,3.0,2.8,2.3,1.7,1.6,1.6,1.6,1.5,1.3,1.5,1.4,1.3,1.2,1.2,1.2,1.5,3.4,4.3,5.2,4.9,3.5,3.2,3.0,3.1,2.9,3.2,2.1,1.9,2.1,2.1,2.2,1.8,1.3,1.3,0.8,2.4,1.2,2.1,0.8,2.4,12.5,20.7,22.6,16.2,13.2,8.0,7.4,8.3,4.4,4.2,1.1,1.6,1.3,0.9,1.3,2.1,9.5
11.9,10.4,9.8,12.1,12.4,9.2,8.5,9.3,12.4,13.2,10.0,10.2,8.0,9.0,8.8,8.2,10.3,14.9,16.7,15.2,14.9,11.9,9.2,8.8,8.2,8.6,8.9,8.0,5.6,4.6,5.7,7.3,9.7,10.3,9.9,9.3,8.4,7.8,7.4,7.1,7.4,8.9,10.1,8.4,11.1,8.4,9.8,10.7,25.1,19.9,11.6,7.7,14.1,12.7,18.5,18.1,14.9,7.5,6.8,6.3,6.1,4.7,4.2,4.7,5.3,7.5,10.1,13.2,12.8,7.5,7.2,5.7,4.8,4.0,4.3,3.8,3.3,3.9,6.0,10.6,11.8,12.2,12.1,11.3,9.3,10.8,11.2,13.2,11.9,11.4,11.2,8.9,8.4,8.1,6.7,6.7,7.2,4.9,5.8,6.3,5.3,5.7,6.4,10.4,10.4,12.0,10.1,10.1,9.0,9.6,10.3,12.7,13.4,11.6,10.8,9.3,8.6,9.1,5.8,5.5,5.4,3.5,3.3,3.3,5.3,6.0,7.5,11.8,15.1,12.8,11.7,16.5,16.5,13.4,14.8,16.2,16.2,14.8,12.7,9.6,8.1,7.7,6.5,5.9,5.8,4.9,5.9,4.9,5.4,4.9,6.6,9.9,11.5,12.3,11.6,12.8,11.2,9.9,10.8,11.2,10.5,10.7,10.1,9.1,8.7,8.3,7.3,6.7,6.9,6.8,6.2,5.9,6.1,6.9,8.8,12.5,15.7,17.3,19.8,15.2,12.8,12.0,12.0,13.4,12.6,15.6,16.3,18.4,17.0,15.7,10.4,10.2,10.8,12.1,9.0,9.3,8.2,10.5,9.9,10.4,10.6,9.6,7.9,7.1,6.7,7.3,8.3,8.6,9.2,12.7,14.5,16.8,14.2,12.4,10.9,10.0,10.5,7.5,5.9,6.0,5.7,5.4,5.9,6.3,6.9,5.9,5.2,6.2,5.2,4.8,6.4,5.5,8.6,8.9,8.4,7.9,8.1,7.6,6.2,5.3,5.6,3.5,4.2,5.1,6.7,7.1,7.4,13.3,13.0,14.7,15.3,14.8,13.0,11.1,14.9,18.9,26.1,22.6,20.1,19.9,16.9,16.0,12.4,9.7,12.3,10.4,9.1,7.0,6.4,7.3,12.8,24.2,23.5,25.9,23.8,13.8,12.4,11.7,13.4,15.0,17.7,19.8,25.6,29.2,35.1,36.6,31.1,29.5,26.4,27.1,26.7,21.7,12.4,10.1,15.3,22.5,15.4,15.4,15.0,20.3,17.2,16.5,14.9,12.3,14.8,14.8,28.5,38.5,40.1,37.4,27.5,23.4,17.1,11.2,9.4,7.0,9.5,6.8,14.6,27.0,33.0,41.3,26.9,27.9,20.9,20.5,19.8,18.2,19.0,30.2,57.6,57.4,57.1,49.3,42.6,38.7,35.2,30.2,26.8,23.8,22.9,24.4,26.1,31.4,36.7,39.7,22.1,16.8,12.7,10.1,9.4,9.6,16.1,20.2,27.0,35.3,41.4,48.8,47.1,31.9,26.6,30.4,36.4,29.5,6.2,4.7,9.1,10.1,14.2,11.7,9.1,9.1,8.8,8.4,9.1,9.6,10.7,13.2,12.2,10.0,8.7,7.3,6.1,5.3,4.8,3.0,2.7,2.9,3.1,2.9,3.1,3.7,5.2,7.8,6.2,6.1,5.6,5.4,5.8,5.9,7.1,9.0,11.4,9.3,7.9,7.4,8.6,5.9,4.7,8.8,8.2,8.2,7.6,8.1,12.0,22.1,17.9,12.8,13.7,11.8,10.2,9.3,10.4,11.9,15.9,15.1,14.1,13.4,11.1,10.4,9.7,10.3,7.8,10.1,8.7,9.4,8.6,8.8,11.6,21.2,16.3,14.9,11.3,9.5,10.6,10.7,12.3,12.8,16.7,16.5,21.1,25.2,26.6,22.8,18.1,16.9,15.2,19.4,23.8,20.9,21.0,13.8,21.5,25.6,28.0,31.2,37.4,33.2,27.3,31.8,35.4,24.1,29.6,25.5,32.4,27.7,25.9,28.4,31.4,32.9
13.5,11.9,11.2,13.7,13.9,10.6,10.0,11.2,15.6,18.4,14.5,15.0,12.1,12.7,12.4,10.8,12.7,17.0,18.5,17.0,16.7,13.6,10.8,10.3,9.7,9.5,9.6,8.5,6.3,5.3,6.3,8.3,11.0,12.5,13.0,12.2,11.2,10.7,9.8,8.9,8.7,10.1,11.1,9.3,12.2,9.2,10.7,11.6,28.2,22.1,12.6,8.4,14.8,13.3,19.7,20.5,18.8,9.9,8.7,8.1,7.8,6.0,5.2,5.5,6.1,8.4,10.7,13.8,13.3,8.0,7.7,6.3,5.4,5.1,5.2,4.7,4.3,4.7,6.9,12.0,13.7,14.0,14.2,13.6,10.9,12.5,12.9,14.8,13.5,12.6,12.3,10.1,9.4,9.2,7.6,7.7,8.2,5.4,6.5,7.0,6.0,6.5,7.2,11.4,11.6,14.0,12.2,12.1,10.7,11.3,12.0,14.2,14.8,12.8,11.8,10.1,9.4,10.2,6.6,6.3,6.1,3.9,3.3,3.5,5.7,6.3,7.7,12.4,16.5,14.8,13.7,17.7,17.7,15.0,16.4,17.7,17.7,15.9,13.6,10.7,9.1,8.6,7.3,6.8,6.6,6.5,7.2,6.0,6.6,6.1,8.1,11.6,13.6,14.8,14.1,15.5,14.8,13.1,13.8,14.3,13.0,12.8,11.9,10.8,10.4,9.9,8.8,8.0,7.9,7.8,7.3,6.8,7.0,7.9,10.1,14.3,18.5,20.9,23.8,18.9,15.5,14.3,14.6,15.8,15.1,17.7,18.0,20.6,19.0,17.7,11.9,11.4,12.0,13.9,10.7,11.3,10.1,12.3,11.9,13.1,14.8,14.6,13.0,11.2,10.6,11.0,12.4,12.5,12.4,15.5,16.9,19.4,16.6,14.5,13.1,12.0,12.2,8.5,6.9,7.1,6.7,6.7,7.1,7.9,8.8,8.3,7.6,8.8,8.0,6.9,8.5,7.2,10.4,10.5,9.8,9.2,9.3,8.8,7.6,6.3,6.7,4.9,5.3,6.4,8.1,8.4,8.8,15.0,14.9,17.1,18.3,18.0,15.5,13.1,16.9,21.2,29.2,25.3,22.3,22.0,18.9,18.1,13.9,11.1,13.6,12.2,10.6,8.7,8.2,8.9,14.6,28.1,28.9,34.8,38.2,18.6,17.0,15.4,16.8,17.9,20.4,21.7,27.6,31.3,37.4,39.3,33.4,31.2,28.0,29.1,28.5,23.6,14.1,11.6,17.2,29.9,24.5,24.5,22.9,29.9,23.1,22.0,18.1,14.2,16.2,15.4,29.4,41.2,44.8,44.6,29.0,24.5,17.9,12.3,10.6,8.4,11.0,8.0,16.5,48.0,69.1,76.2,41.4,37.6,27.4,25.8,24.1,21.8,21.6,32.0,97.9,90.1,137.5,108.0,82.5,59.9,49.6,41.3,34.9,28.1,26.0,32.1,37.4,72.6,89.4,76.3,30.0,22.5,16.6,12.8,10.9,10.8,17.3,21.0,27.9,36.1,42.5,52.1,53.5,34.4,28.0,32.2,47.2,33.4,7.2,5.7,10.0,11.4,17.4,15.2,11.9,11.9,10.7,10.0,10.6,11.1,12.0,14.1,13.3,11.0,9.6,8.1,6.9,6.0,5.5,3.6,3.4,3.9,4.0,3.8,4.0,4.8,6.7,9.5,8.2,7.9,7.3,7.2,7.6,7.8,9.1,10.4,12.7,10.3,9.0,8.6,9.9,7.0,5.7,10.1,9.4,9.7,9.1,9.4,13.7,25.6,22.6,17.0,18.4,15.9,13.8,12.6,13.8,14.9,18.8,17.5,15.9,15.0,12.7,12.1,11.2,11.7,9.3,11.5,10.1,10.6,9.9,10.0,13.2,24.7,20.6,20.2,16.2,13.0,13.8,13.7,15.5,15.7,20.0,18.7,23.1,27.4,28.8,25.0,19.9,18.3,16.5,20.2,26.2,22.1,23.1,14.6,23.9,38.1,48.7,53.8,53.7,46.4,35.4,39.3,43.8,28.5,33.8,26.7,34.0,29.0,26.8,29.7,33.6,42.4
21.6,25.1,25.6,22.4,21.1,26.5,25.4,25.3,22.9,24.4,27.9,29.3,32.6,34.3,36.0,36.5,34.4,28.9,26.1,27.3,27.1,30.4,33.7,33.6,33.0,31.4,29.9,33.5,38.5,38.9,36.8,33.3,31.2,32.0,35.2,37.2,38.8,40.1,39.8,38.4,37.7,35.0,34.1,36.0,33.7,36.5,33.9,30.8,9.9,7.5,14.9,18.7,13.3,18.0,19.0,21.8,27.6,40.5,44.7,48.4,51.4,50.3,48.6,45.5,43.2,38.9,35.0,31.0,32.4,38.2,38.1,39.8,40.2,40.2,40.2,39.5,39.4,40.1,37.7,32.7,32.8,32.6,33.6,33.8,36.1,34.5,35.1,31.7,32.4,32.9,32.9,34.8,34.6,34.6,36.1,34.9,37.5,40.1,38.7,38.9,39.9,41.8,39.3,34.7,37.4,36.4,39.3,40.0,41.7,41.7,41.1,38.4,36.7,39.3,39.4,40.6,41.0,39.3,43.5,43.1,42.2,43.0,43.1,42.3,37.8,37.2,33.9,31.0,29.3,33.7,35.3,31.4,31.0,31.0,29.5,27.9,29.2,30.2,33.7,37.5,38.5,38.5,39.2,40.1,40.3,40.4,40.1,40.6,40.2,41.0,38.5,36.2,30.8,29.1,30.8,27.8,28.9,30.8,29.7,28.3,28.8,27.8,28.9,29.2,28.2,29.4,30.2,31.0,30.0,28.6,30.3,30.0,28.4,27.4,24.8,21.5,18.2,17.3,14.0,19.0,21.4,23.1,23.9,23.9,26.7,24.2,23.3,20.6,19.5,21.9,27.9,27.7,26.2,25.2,28.9,27.1,29.1,25.3,26.9,26.0,27.3,29.2,32.6,33.5,35.1,35.4,35.0,35.3,34.4,30.9,29.1,25.2,27.1,30.5,30.7,30.0,28.7,31.0,33.5,31.7,30.9,29.8,31.0,32.7,33.2,35.2,37.8,38.4,39.8,39.9,38.4,38.1,34.4,34.2,34.0,34.9,34.8,34.7,36.9,37.3,37.3,38.0,36.8,33.5,30.2,31.8,31.2,25.7,26.0,23.7,22.6,23.6,25.6,29.5,26.5,24.0,17.9,21.0,22.0,22.4,25.8,27.7,31.7,33.9,30.5,31.5,32.1,34.8,35.4,31.8,26.2,14.9,15.1,13.5,19.3,35.5,42.0,49.5,52.4,54.0,51.3,46.5,36.0,29.2,20.5,17.4,20.8,20.7,19.9,17.2,16.7,17.2,20.3,22.4,18.0,11.6,17.9,25.0,28.9,33.9,43.9,48.4,50.6,55.3,49.3,43.1,26.8,16.5,10.1,6.7,14.9,17.3,18.9,22.2,24.5,25.5,20.8,26.3,18.1,8.0,9.5,15.6,27.5,40.4,48.7,52.3,55.3,52.1,47.7,39.8,10.0,3.9,3.9,3.1,2.6,2.1,2.1,2.1,2.3,3.0,3.0,2.8,3.9,3.9,6.1,14.4,35.9,41.5,48.1,56.5,69.8,69.6,61.1,50.6,40.6,36.6,30.1,10.2,5.2,12.6,16.0,8.3,2.1,9.4,40.2,41.6,34.8,35.5,31.3,37.9,42.4,46.0,55.8,58.6,56.8,55.0,51.2,44.9,44.0,42.8,42.7,43.5,44.9,44.2,43.2,43.6,43.7,43.4,43.0,42.9,42.7,41.6,40.3,37.0,40.5,40.3,41.1,40.8,40.4,39.5,37.9,35.1,33.0,39.4,42.6,42.2,39.8,44.7,44.5,40.7,40.5,39.4,39.6,36.5,32.3,23.4,31.0,37.8,40.0,43.3,47.2,46.3,44.7,42.4,37.4,37.8,37.3,38.0,40.4,40.3,39.9,37.7,37.5,34.7,35.4,33.6,35.1,34.1,30.9,23.2,29.2,32.1,38.5,44.5,48.2,50.1,46.9,43.3,34.1,30.3,23.8,18.1,16.0,18.2,22.0,22.0,21.6,15.5,5.1,6.3,4.6,16.1,8.5,6.6,10.5,16.3,31.9,29.3,45.9,44.3,37.8,46.3,32.8,32.3,21.8,21.7,19.1,14.9,10.4,5.7
38.0,29.0,27.0,24.0,29.0,22.0,26.0,26.0,31.0,32.0,34.0,33.0,34.0,35.0,36.0,32.0,29.0,34.0,31.0,31.0,30.0,23.0,26.0,26.0,21.0,26.0,24.0,33.0,33.0,31.0,21.0,24.0,20.0,24.0,24.0,24.0,24.0,22.0,19.0,18.0,18.0,14.0,13.0,9.0,7.0,8.0,10.0,6.0,8.0,10.0,10.0,10.0,14.0,10.0,18.0,20.0,25.0,17.0,18.0,16.0,23.0,26.0,23.0,28.0,25.0,39.0,33.0,27.0,28.0,23.0,21.0,18.0,16.0,21.0,13.0,13.0,13.0,9.0,6.0,18.0,14.0,11.0,10.0,14.0,18.0,12.0,17.0,18.0,21.0,17.0,10.0,13.0,7.0,4.0,4.0,6.0,9.0,10.0,11.0,11.0,9.0,12.0,10.0,9.0,9.0,16.0,13.0,10.0,10.0,14.0,15.0,12.0,19.0,7.0,13.0,11.0,17.0,14.0,11.0,12.0,14.0,7.0,16.0,13.0,12.0,11.0,11.0,9.0,10.0,13.0,15.0,25.0,23.0,23.0,23.0,25.0,27.0,16.0,18.0,14.0,15.0,12.0,12.0,7.0,3.0,10.0,6.0,4.0,6.0,6.0,11.0,7.0,10.0,10.0,16.0,18.0,5.0,11.0,23.0,22.0,13.0,11.0,11.0,10.0,12.0,15.0,12.0,17.0,15.0,17.0,24.0,22.0,16.0,15.0,17.0,17.0,15.0,21.0,26.0,35.0,32.0,39.0,34.0,31.0,29.0,30.0,25.0,22.0,29.0,21.0,25.0,21.0,24.0,28.0,25.0,31.0,28.0,27.0,31.0,30.0,32.0,33.0,36.0,35.0,36.0,33.0,29.0,36.0,29.0,32.0,34.0,39.0,28.0,26.0,28.0,30.0,27.0,31.0,31.0,24.0,25.0,26.0,26.0,22.0,19.0,23.0,21.0,21.0,22.0,22.0,21.0,22.0,26.0,25.0,24.0,21.0,17.0,10.0,17.0,21.0,15.0,17.0,21.0,16.0,14.0,15.0,17.0,14.0,13.0,16.0,19.0,20.0,25.0,31.0,34.0,37.0,35.0,37.0,35.0,36.0,32.0,27.0,24.0,23.0,26.0,26.0,34.0,26.0,33.0,36.0,31.0,42.0,47.0,57.0,68.0,74.0,67.0,66.0,65.0,63.0,69.0,65.0,69.0,61.0,59.0,54.0,57.0,53.0,43.0,39.0,42.0,38.0,32.0,32.0,30.0,37.0,39.0,37.0,26.0,35.0,60.0,62.0,64.0,54.0,57.0,57.0,54.0,58.0,55.0,49.0,38.0,39.0,37.0,31.0,22.0,19.0,16.0,12.0,11.0,19.0,23.0,33.0,31.0,30.0,25.0,45.0,56.0,37.0,37.0,52.0,60.0,57.0,70.0,59.0,50.0,46.0,41.0,32.0,24.0,25.0,20.0,19.0,20.0,29.0,41.0,51.0,46.0,39.0,33.0,39.0,44.0,45.0,42.0,49.0,59.0,56.0,58.0,60.0,57.0,45.0,51.0,51.0,44.0,29.0,22.0,15.0,21.0,19.0,21.0,23.0,22.0,28.0,75.0,84.0,98.0,97.0,94.0,95.0,87.0,91.0,91.0,70.0,56.0,42.0,32.0,39.0,44.0,42.0,34.0,35.0,26.0,36.0,42.0,41.0,47.0,48.0,39.0,31.0,39.0,38.0,32.0,34.0,35.0,54.0,45.0,44.0,46.0,47.0,49.0,47.0,49.0,49.0,44.0,42.0,45.0,55.0,55.0,47.0,53.0,57.0,53.0,47.0,48.0,45.0,45.0,46.0,35.0,31.0,30.0,23.0,24.0,23.0,18.0,14.0,19.0,23.0,16.0,13.0,17.0,23.0,21.0,19.0,17.0,23.0,21.0,21.0,23.0,22.0,24.0,23.0,22.0,21.0,23.0,12.0,9.0,17.0,18.0,18.0,20.0,22.0,22.0,16.0,21.0,22.0,22.0,27.0,26.0,44.0,36.0,37.0,40.0,36.0,47.0,43.0,58.0,57.0,59.0,59.0,67.0,59.0
25.0,24.0,13.0,14.0,15.0,12.0,10.0,10.0,11.0,11.0,10.0,16.0,13.0,15.0,15.0,12.0,12.0,19.0,13.0,14.0,15.0,7.0,10.0,15.0,10.0,12.0,11.0,13.0,14.0,11.0,8.0,8.0,11.0,11.0,9.0,11.0,8.0,6.0,7.0,11.0,11.0,7.0,5.0,6.0,6.0,5.0,5.0,3.0,10.0,8.0,8.0,11.0,9.0,8.0,7.0,11.0,11.0,10.0,11.0,7.0,6.0,12.0,9.0,9.0,13.0,12.0,11.0,10.0,7.0,8.0,9.0,9.0,11.0,7.0,10.0,7.0,6.0,4.0,3.0,6.0,8.0,5.0,3.0,5.0,5.0,7.0,8.0,20.0,12.0,8.0,9.0,7.0,3.0,1.0,2.0,4.0,3.0,7.0,4.0,3.0,3.0,6.0,5.0,2.0,4.0,7.0,6.0,9.0,6.0,6.0,5.0,8.0,13.0,9.0,7.0,2.0,8.0,6.0,3.0,8.0,7.0,5.0,5.0,3.0,8.0,6.0,3.0,2.0,4.0,4.0,5.0,9.0,9.0,11.0,20.0,16.0,15.0,13.0,14.0,8.0,7.0,7.0,4.0,4.0,5.0,4.0,3.0,3.0,5.0,2.0,6.0,7.0,3.0,2.0,3.0,12.0,14.0,9.0,13.0,7.0,15.0,14.0,9.0,6.0,5.0,11.0,8.0,7.0,9.0,18.0,12.0,12.0,14.0,11.0,12.0,13.0,10.0,11.0,15.0,18.0,15.0,17.0,10.0,11.0,15.0,12.0,15.0,14.0,14.0,11.0,13.0,10.0,10.0,15.0,13.0,9.0,17.0,11.0,13.0,13.0,16.0,16.0,12.0,9.0,9.0,11.0,12.0,12.0,19.0,17.0,13.0,16.0,16.0,16.0,19.0,14.0,12.0,11.0,12.0,17.0,10.0,11.0,16.0,10.0,11.0,7.0,7.0,5.0,5.0,5.0,4.0,6.0,10.0,9.0,9.0,8.0,8.0,8.0,5.0,11.0,11.0,13.0,9.0,11.0,14.0,11.0,11.0,14.0,9.0,13.0,11.0,13.0,17.0,13.0,19.0,21.0,27.0,21.0,28.0,23.0,15.0,18.0,13.0,19.0,24.0,21.0,23.0,25.0,26.0,27.0,31.0,31.0,31.0,39.0,38.0,39.0,36.0,32.0,38.0,34.0,34.0,32.0,37.0,36.0,34.0,30.0,25.0,25.0,27.0,28.0,23.0,20.0,17.0,15.0,16.0,15.0,15.0,10.0,8.0,11.0,17.0,19.0,17.0,20.0,18.0,15.0,18.0,23.0,22.0,18.0,19.0,23.0,20.0,13.0,11.0,9.0,7.0,6.0,8.0,10.0,15.0,17.0,7.0,14.0,12.0,27.0,18.0,18.0,17.0,17.0,32.0,32.0,40.0,38.0,35.0,28.0,31.0,19.0,18.0,17.0,13.0,14.0,13.0,21.0,21.0,32.0,21.0,21.0,16.0,15.0,23.0,21.0,19.0,25.0,40.0,37.0,45.0,41.0,41.0,32.0,41.0,37.0,27.0,15.0,9.0,5.0,8.0,8.0,7.0,11.0,9.0,10.0,33.0,39.0,42.0,42.0,43.0,38.0,43.0,39.0,34.0,29.0,26.0,17.0,22.0,20.0,15.0,16.0,14.0,24.0,16.0,15.0,16.0,19.0,16.0,21.0,13.0,11.0,15.0,15.0,14.0,20.0,24.0,26.0,25.0,22.0,29.0,22.0,25.0,26.0,26.0,25.0,24.0,25.0,23.0,25.0,20.0,17.0,15.0,25.0,11.0,19.0,16.0,18.0,18.0,14.0,19.0,12.0,13.0,11.0,13.0,8.0,12.0,10.0,8.0,10.0,13.0,9.0,9.0,6.0,3.0,3.0,4.0,5.0,5.0,7.0,9.0,8.0,11.0,13.0,10.0,11.0,7.0,7.0,5.0,7.0,11.0,9.0,11.0,17.0,17.0,11.0,14.0,17.0,5.0,14.0,20.0,26.0,22.0,19.0,15.0,11.0,19.0,15.0,25.0,25.0,24.0,32.0,31.0,30.0
64.0,65.0,63.0,63.0,63.0,63.0,63.0,63.0,62.0,57.0,54.0,52.0,52.0,51.0,53.0,55.0,58.0,62.0,64.0,64.0,64.0,65.0,67.0,69.0,69.0,70.0,72.0,73.0,70.0,67.0,68.0,69.0,69.0,65.0,60.0,57.0,53.0,53.0,57.0,58.0,64.0,68.0,69.0,69.0,70.0,70.0,71.0,72.0,75.0,78.0,79.0,81.0,82.0,83.0,82.0,80.0,74.0,62.0,56.0,50.0,48.0,55.0,61.0,63.0,66.0,71.0,74.0,75.0,76.0,78.0,81.0,81.0,82.0,83.0,85.0,87.0,89.0,89.0,90.0,90.0,90.0,90.0,89.0,89.0,89.0,89.0,86.0,86.0,87.0,88.0,90.0,90.0,91.0,91.0,92.0,92.0,92.0,91.0,91.0,90.0,89.0,89.0,89.0,88.0,87.0,85.0,82.0,80.0,79.0,78.0,77.0,80.0,79.0,83.0,85.0,84.0,82.0,80.0,81.0,80.0,80.0,80.0,79.0,78.0,79.0,81.0,83.0,82.0,80.0,74.0,69.0,70.0,71.0,71.0,77.0,81.0,83.0,85.0,86.0,86.0,87.0,87.0,88.0,88.0,87.0,87.0,88.0,88.0,88.0,89.0,89.0,89.0,88.0,87.0,85.0,85.0,84.0,80.0,78.0,77.0,78.0,79.0,81.0,79.0,78.0,75.0,75.0,77.0,80.0,83.0,82.0,83.0,85.0,85.0,85.0,85.0,84.0,82.0,79.0,77.0,75.0,72.0,69.0,67.0,66.0,67.0,63.0,63.0,66.0,65.0,63.0,61.0,63.0,62.0,60.0,61.0,62.0,63.0,61.0,61.0,57.0,52.0,48.0,50.0,51.0,53.0,53.0,51.0,53.0,57.0,60.0,62.0,62.0,61.0,60.0,61.0,61.0,62.0,60.0,61.0,60.0,59.0,60.0,59.0,56.0,51.0,48.0,46.0,44.0,46.0,49.0,50.0,55.0,58.0,59.0,61.0,61.0,60.0,61.0,66.0,71.0,73.0,78.0,82.0,84.0,84.0,85.0,87.0,87.0,88.0,87.0,86.0,83.0,80.0,81.0,81.0,81.0,82.0,86.0,87.0,88.0,87.0,87.0,87.0,87.0,86.0,84.0,86.0,85.0,82.0,80.0,77.0,73.0,70.0,64.0,52.0,47.0,45.0,47.0,48.0,52.0,56.0,59.0,61.0,62.0,64.0,65.0,65.0,67.0,69.0,69.0,71.0,73.0,74.0,74.0,73.0,66.0,54.0,44.0,37.0,41.0,43.0,47.0,45.0,53.0,56.0,56.0,57.0,62.0,68.0,68.0,68.0,71.0,70.0,67.0,61.0,60.0,58.0,57.0,58.0,55.0,45.0,39.0,32.0,29.0,42.0,52.0,51.0,49.0,51.0,59.0,66.0,69.0,73.0,75.0,76.0,78.0,78.0,78.0,76.0,74.0,74.0,71.0,69.0,63.0,59.0,60.0,57.0,56.0,58.0,62.0,60.0,55.0,64.0,69.0,70.0,70.0,71.0,74.0,74.0,76.0,79.0,80.0,78.0,65.0,59.0,64.0,58.0,59.0,54.0,48.0,43.0,56.0,62.0,64.0,64.0,65.0,67.0,67.0,68.0,68.0,70.0,70.0,70.0,71.0,71.0,69.0,66.0,66.0,68.0,67.0,67.0,65.0,66.0,61.0,60.0,60.0,62.0,63.0,62.0,66.0,71.0,74.0,72.0,70.0,68.0,68.0,66.0,64.0,69.0,69.0,69.0,69.0,69.0,70.0,70.0,64.0,57.0,53.0,49.0,46.0,48.0,51.0,50.0,54.0,58.0,60.0,62.0,63.0,64.0,65.0,66.0,67.0,68.0,69.0,69.0,67.0,66.0,67.0,67.0,60.0,52.0,44.0,39.0,37.0,36.0,38.0,38.0,42.0,49.0,55.0,59.0,62.0,64.0,67.0,70.0,71.0,71.0,72.0,74.0,75.0,73.0,73.0,73.0,67.0,63.0,58.0,59.0,56.0,55.0,59.0,61.0,65.0,70.0,76.0,79.0,81.0,82.0,83.0,84.0
2.1,2.1,2.1,1.8,1.1,0.7,0.8,0.8,1.6,1.6,1.4,1.4,1.1,1.2,1.2,1.2,1.4,1.7,1.4,1.4,1.6,1.2,1.0,1.0,2.4,1.4,1.5,1.8,1.8,1.8,1.7,1.8,2.2,3.1,3.7,4.0,3.9,3.9,3.9,3.9,3.8,3.6,3.7,3.4,3.4,3.4,3.5,3.2,2.4,1.4,1.3,0.1,0.1,0.5,1.3,1.2,1.9,1.5,1.6,1.8,2.0,1.6,1.4,1.4,1.6,1.7,2.2,2.4,2.2,1.7,2.2,1.8,0.8,1.7,1.8,1.1,0.9,0.9,1.0,1.6,1.4,1.3,1.3,1.6,2.2,2.0,1.8,1.9,2.3,2.7,2.1,2.2,2.2,2.0,1.8,1.7,2.2,2.2,1.9,1.1,0.4,0.3,0.3,0.6,0.9,0.6,1.3,2.6,1.8,2.4,3.7,3.1,2.3,2.4,1.8,2.2,2.5,1.8,2.2,2.6,0.5,0.9,0.3,0.0,0.0,0.3,1.5,1.7,2.1,2.3,2.3,0.0,0.0,2.5,2.5,2.8,2.6,1.7,1.5,1.7,0.9,0.2,0.0,0.0,0.5,0.9,0.3,0.0,0.0,0.3,1.5,1.7,2.1,2.3,2.3,0.0,0.0,2.5,2.5,2.8,2.6,1.7,1.5,1.7,0.9,0.2,0.0,0.0,0.0,0.0,0.0,0.0,0.0,0.0,0.0,0.0,0.0,0.0,0.0,0.0,0.0,0.0,0.0,1.0,1.0,1.0,1.0,1.0,1.0,1.0,1.0,1.0,0.0,0.0,0.0,0.0,0.0,0.0,0.0,0.0,0.0,0.0,0.0,0.0,0.0,0.0,0.0,1.0,1.0,1.0,1.0,1.0,1.0,1.0,1.0,1.0,1.0,1.0,1.0,1.0,1.0,1.0,1.0,1.0,1.0,1.0,0.9,0.2,0.0,0.0,0.0,0.0,0.0,0.0,0.0,0.0,0.3,0.2,0.0,0.1,2.6,1.5,1.7,2.0,2.1,1.9,2.1,2.1,2.2,1.9,2.2,2.6,2.6,2.8,2.9,3.1,3.0,3.0,2.8,3.0,2.8,2.8,3.2,3.6,3.9,2.7,1.1,0.0,2.1,2.3,2.4,3.5,2.8,2.8,2.9,2.2,1.7,1.4,1.3,1.4,1.4,1.1,1.5,1.6,2.3,0.0,0.0,0.0,0.0,0.0,0.0,0.0,0.0,0.0,0.0,0.0,0.0,0.0,0.0,0.0,0.0,0.0,0.0,0.0,0.0,0.0,0.0,0.0,0.0,0.0,0.0,1.5,1.5,1.5,1.3,1.0,1.5,1.2,1.5,2.1,2.8,4.3,4.0,2.8,2.7,3.3,3.2,2.6,2.2,2.4,4.0,4.2,5.2,4.6,3.9,3.0,1.4,1.4,1.1,1.0,0.8,0.9,1.4,2.4,3.2,2.9,2.2,2.0,1.7,1.4,1.2,1.4,2.0,2.7,3.5,3.6,3.5,2.6,3.0,2.7,2.3,1.9,5.0,3.3,1.8,1.4,1.6,1.6,1.7,1.7,1.6,1.5,1.9,1.8,1.6,1.7,1.7,1.5,1.7,1.5,1.6,1.4,1.4,1.5,2.0,1.5,1.5,1.7,1.9,1.8,1.9,2.0,2.0,2.5,2.3,2.2,2.1,2.1,2.2,2.4,2.5,2.6,2.2,2.3,2.5,2.5,2.6,2.6,1.8,1.7,1.7,1.8,1.9,1.8,2.0,1.7,1.9,2.1,2.6,2.7,2.6,3.0,2.9,2.4,2.2,2.6,2.7,2.8,2.9,2.6,2.6,2.9,1.9,1.7,0.8,0.5,1.1,1.6,1.6,2.0,2.2,2.3,3.0,2.8,1.7,1.9,1.8,1.3,1.4,2.2,3.6,4.0,3.3,3.6,3.5,3.5,0.8,1.4,1.3,1.7,2.1,2.4,2.3,2.5,2.5,3.9,5.2,6.1,4.8,8.2,8.7,4.5,4.6,2.5,5.8,9.2,8.7,9.5,10.6,10.1
38.0,41.0,49.0,54.0,50.0,44.0,38.0,37.0,38.0,44.0,47.0,45.0,37.0,43.0,38.0,39.0,39.0,38.0,39.0,47.0,47.0,40.0,49.0,56.0,49.0,39.0,52.0,42.0,39.0,57.0,33.0,41.0,52.0,42.0,43.0,47.0,47.0,52.0,59.0,57.0,52.0,55.0,55.0,50.0,61.0,59.0,76.0,72.0,176.0,95.0,55.0,46.0,43.0,43.0,68.0,60.0,50.0,40.0,37.0,44.0,48.0,44.0,44.0,40.0,43.0,40.0,39.0,38.0,39.0,36.0,38.0,33.0,41.0,39.0,35.0,39.0,38.0,33.0,33.0,36.0,34.0,35.0,33.0,40.0,39.0,34.0,38.0,41.0,39.0,39.0,40.0,40.0,40.0,46.0,37.0,41.0,39.0,35.0,43.0,38.0,36.0,47.0,47.0,37.0,32.0,42.0,41.0,45.0,37.0,40.0,39.0,38.0,37.0,36.0,36.0,33.0,47.0,46.0,36.0,38.0,46.0,40.0,38.0,47.0,45.0,42.0,32.0,36.0,38.0,50.0,53.0,42.0,46.0,45.0,36.0,42.0,43.0,46.0,35.0,44.0,40.0,40.0,36.0,37.0,40.0,35.0,34.0,34.0,37.0,39.0,36.0,35.0,35.0,36.0,39.0,38.0,56.0,39.0,48.0,34.0,39.0,34.0,33.0,35.0,40.0,37.0,38.0,39.0,36.0,34.0,37.0,38.0,41.0,43.0,55.0,45.0,51.0,51.0,49.0,53.0,36.0,42.0,46.0,48.0,52.0,53.0,53.0,50.0,50.0,51.0,49.0,53.0,54.0,44.0,52.0,44.0,49.0,49.0,55.0,49.0,53.0,55.0,58.0,41.0,48.0,47.0,40.0,46.0,53.0,53.0,54.0,54.0,46.0,48.0,39.0,47.0,42.0,53.0,39.0,44.0,52.0,53.0,55.0,53.0,56.0,52.0,52.0,48.0,54.0,52.0,53.0,49.0,47.0,56.0,53.0,51.0,59.0,55.0,55.0,52.0,54.0,56.0,55.0,49.0,42.0,34.0,35.0,36.0,37.0,37.0,36.0,36.0,38.0,42.0,41.0,47.0,48.0,42.0,38.0,40.0,47.0,54.0,53.0,50.0,69.0,67.0,68.0,78.0,74.0,76.0,61.0,69.0,72.0,47.0,68.0,52.0,47.0,47.0,43.0,39.0,35.0,41.0,53.0,61.0,46.0,60.0,52.0,48.0,38.0,54.0,56.0,56.0,33.0,69.0,61.0,40.0,53.0,67.0,79.0,299.0,296.0,297.0,306.0,301.0,304.0,58.0,55.0,63.0,67.0,65.0,75.0,76.0,75.0,65.0,75.0,84.0,87.0,82.0,86.0,174.0,107.0,326.0,304.0,51.0,290.0,300.0,296.0,293.0,15.0,294.0,184.0,176.0,108.0,133.0,120.0,125.0,167.0,153.0,160.0,131.0,122.0,144.0,109.0,121.0,78.0,55.0,285.0,288.0,295.0,291.0,302.0,57.0,54.0,47.0,49.0,69.0,62.0,65.0,78.0,87.0,54.0,55.0,43.0,56.0,54.0,46.0,42.0,44.0,43.0,54.0,46.0,43.0,40.0,38.0,38.0,36.0,42.0,43.0,42.0,39.0,45.0,43.0,43.0,45.0,49.0,44.0,54.0,59.0,53.0,55.0,53.0,57.0,52.0,55.0,53.0,59.0,45.0,42.0,42.0,46.0,38.0,35.0,35.0,33.0,35.0,40.0,41.0,50.0,55.0,49.0,41.0,52.0,47.0,54.0,43.0,47.0,42.0,36.0,41.0,42.0,50.0,41.0,42.0,47.0,55.0,56.0,55.0,58.0,55.0,58.0,54.0,54.0,50.0,53.0,58.0,55.0,58.0,67.0,56.0,58.0,56.0,50.0,62.0,344.0,53.0,42.0,51.0,40.0,43.0,49.0,65.0,42.0,51.0,73.0,65.0,72.0,85.0,111.0,216.0,199.0,104.0,74.0,78.0,30.0,74.0,320.0,283.0,252.0,252.0,262.0,255.0,258.0,257.0,228.0,165.0,172.0,222.0,221.0,178.0,162.0
53.0,46.0,43.0,54.0,50.0,40.0,36.0,37.0,42.0,43.0,31.0,42.0,30.0,40.0,32.0,29.0,43.0,28.0,41.0,46.0,41.0,58.0,59.0,60.0,33.0,38.0,49.0,39.0,42.0,55.0,28.0,44.0,60.0,49.0,41.0,63.0,49.0,46.0,63.0,58.0,54.0,53.0,55.0,44.0,55.0,54.0,55.0,58.0,183.0,78.0,51.0,36.0,23.0,84.0,68.0,66.0,55.0,54.0,36.0,41.0,68.0,36.0,39.0,42.0,39.0,39.0,36.0,42.0,31.0,44.0,42.0,34.0,43.0,36.0,33.0,41.0,36.0,34.0,34.0,40.0,33.0,38.0,25.0,36.0,39.0,33.0,37.0,47.0,34.0,45.0,40.0,44.0,43.0,29.0,38.0,55.0,27.0,40.0,43.0,49.0,33.0,53.0,43.0,31.0,32.0,47.0,40.0,39.0,40.0,44.0,48.0,43.0,31.0,33.0,34.0,33.0,33.0,39.0,33.0,35.0,32.0,47.0,38.0,48.0,54.0,36.0,32.0,27.0,48.0,53.0,46.0,52.0,50.0,35.0,30.0,35.0,51.0,47.0,33.0,48.0,24.0,44.0,29.0,35.0,55.0,34.0,35.0,33.0,40.0,34.0,35.0,39.0,34.0,36.0,34.0,51.0,49.0,39.0,46.0,33.0,34.0,31.0,34.0,36.0,36.0,40.0,36.0,42.0,41.0,38.0,37.0,56.0,44.0,60.0,47.0,59.0,42.0,49.0,34.0,59.0,38.0,61.0,49.0,45.0,62.0,47.0,69.0,41.0,48.0,45.0,52.0,50.0,42.0,53.0,51.0,56.0,39.0,57.0,52.0,56.0,54.0,73.0,57.0,38.0,56.0,42.0,54.0,38.0,56.0,65.0,56.0,51.0,59.0,49.0,39.0,56.0,44.0,54.0,41.0,49.0,59.0,55.0,50.0,52.0,61.0,46.0,58.0,42.0,52.0,50.0,49.0,51.0,45.0,53.0,57.0,49.0,53.0,54.0,45.0,53.0,54.0,57.0,63.0,41.0,39.0,35.0,30.0,34.0,47.0,29.0,32.0,35.0,41.0,39.0,37.0,43.0,51.0,47.0,24.0,58.0,53.0,55.0,52.0,47.0,72.0,56.0,69.0,85.0,65.0,66.0,62.0,66.0,60.0,52.0,61.0,57.0,55.0,38.0,36.0,39.0,30.0,48.0,55.0,66.0,43.0,63.0,58.0,47.0,23.0,52.0,61.0,79.0,29.0,83.0,30.0,37.0,70.0,71.0,105.0,273.0,320.0,292.0,321.0,296.0,86.0,45.0,93.0,72.0,82.0,72.0,73.0,82.0,46.0,74.0,80.0,85.0,91.0,77.0,91.0,187.0,104.0,272.0,66.0,331.0,277.0,301.0,293.0,301.0,289.0,295.0,179.0,171.0,147.0,157.0,122.0,225.0,162.0,168.0,86.0,61.0,126.0,138.0,92.0,185.0,92.0,282.0,317.0,286.0,296.0,288.0,345.0,62.0,65.0,70.0,83.0,51.0,95.0,89.0,40.0,75.0,27.0,48.0,40.0,63.0,55.0,28.0,54.0,38.0,61.0,52.0,33.0,48.0,41.0,39.0,34.0,37.0,41.0,56.0,47.0,42.0,46.0,43.0,55.0,52.0,55.0,46.0,58.0,55.0,44.0,47.0,49.0,66.0,58.0,58.0,48.0,57.0,48.0,38.0,44.0,43.0,44.0,29.0,38.0,39.0,35.0,43.0,49.0,63.0,54.0,46.0,40.0,51.0,44.0,49.0,47.0,40.0,37.0,33.0,39.0,39.0,56.0,51.0,38.0,55.0,57.0,57.0,51.0,54.0,51.0,52.0,45.0,55.0,49.0,53.0,67.0,59.0,60.0,71.0,50.0,61.0,53.0,79.0,62.0,53.0,47.0,12.0,52.0,49.0,45.0,41.0,57.0,35.0,52.0,74.0,68.0,73.0,152.0,169.0,242.0,158.0,95.0,38.0,48.0,33.0,54.0,294.0,300.0,245.0,258.0,283.0,269.0,247.0,250.0,67.0,156.0,176.0,262.0,169.0,208.0,104.0
3.0,3.4,2.7,3.0,2.6,2.7,2.4,3.1,3.3,4.3,3.8,4.4,3.5,2.6,3.9,3.0,2.9,2.0,2.4,2.0,2.3,2.0,2.3,2.6,1.3,1.6,1.6,3.7,3.1,3.4,3.8,2.6,3.2,3.6,4.1,3.8,4.5,4.2,4.2,4.8,4.2,3.6,2.6,2.0,2.3,2.0,1.2,0.6,0.5,0.8,1.0,1.1,1.2,0.5,1.6,1.7,1.9,1.9,2.7,2.3,2.1,3.1,4.1,2.7,3.1,3.0,2.5,1.5,3.2,2.0,1.9,2.8,2.4,3.1,2.6,2.5,3.0,3.1,3.9,3.5,4.4,3.1,3.4,4.3,3.1,2.2,2.7,2.1,2.6,1.8,1.7,2.3,1.8,1.6,1.3,1.8,1.6,2.4,1.8,2.1,3.3,2.4,2.7,4.0,4.0,3.2,3.5,4.2,4.2,4.2,3.6,4.1,3.8,4.5,3.7,4.3,4.1,4.2,4.2,4.2,3.9,4.7,3.7,4.0,3.4,3.6,4.1,4.6,3.5,4.6,3.2,2.4,3.6,3.1,4.0,2.5,2.9,3.1,3.4,3.2,3.2,2.7,2.9,3.6,3.1,3.2,3.5,4.0,3.7,4.1,5.1,4.9,4.3,4.4,4.8,5.0,4.6,5.1,4.9,5.4,4.7,5.0,5.5,4.5,5.2,4.9,4.3,3.9,4.3,5.8,4.9,3.6,3.9,3.9,3.4,3.1,3.5,2.9,2.7,2.9,4.3,3.5,3.6,3.6,3.7,4.1,3.3,4.0,4.6,3.8,3.9,3.7,3.2,3.6,4.0,2.8,2.7,2.9,3.7,2.8,4.8,4.2,3.9,5.0,5.1,4.6,3.6,4.7,3.8,3.0,3.3,3.9,3.9,3.4,3.7,3.2,3.4,3.8,3.4,2.8,3.8,3.5,3.7,3.1,4.0,3.8,4.5,3.5,4.5,3.5,4.8,3.9,3.5,3.5,3.4,4.3,3.0,2.6,3.2,4.0,3.6,2.7,2.6,2.9,2.7,2.5,3.3,3.1,3.0,3.3,2.7,3.0,2.9,2.8,2.2,1.8,1.8,2.7,2.2,2.0,2.1,2.2,2.4,2.4,2.7,2.1,1.7,2.5,2.0,1.3,1.7,1.9,2.0,2.5,3.1,2.9,3.0,3.2,3.2,3.4,3.3,2.9,2.1,2.3,1.8,2.8,2.3,2.2,1.4,1.1,1.5,0.9,0.8,1.4,0.8,0.8,1.2,1.5,1.1,1.0,1.4,1.9,1.4,1.8,1.1,1.1,1.2,0.9,1.2,1.4,1.9,1.9,1.0,1.9,1.7,1.5,1.9,1.3,1.9,0.4,0.5,0.9,0.8,1.0,2.4,1.9,2.5,1.4,0.5,0.7,0.9,0.4,0.4,0.8,0.5,0.4,0.6,0.7,0.5,0.8,0.5,0.4,1.2,0.4,1.0,0.7,1.2,1.7,2.2,1.9,1.3,1.0,0.9,0.9,0.8,1.4,1.0,1.1,1.0,1.2,1.2,1.3,1.1,2.1,4.5,3.8,3.6,2.8,3.0,3.9,4.4,4.3,4.7,4.9,5.9,5.3,4.7,4.1,3.6,4.0,4.8,4.5,4.7,3.9,4.5,3.9,3.9,4.4,4.6,4.2,5.2,5.4,5.9,4.4,4.3,4.9,5.1,5.1,5.3,4.0,5.2,4.1,4.4,4.6,4.0,3.3,3.3,3.4,3.1,2.6,2.5,2.4,2.6,2.2,2.7,2.6,3.4,3.3,3.4,3.8,3.4,3.8,3.7,3.8,3.7,3.8,2.8,3.2,3.0,3.6,2.7,1.7,1.7,1.6,1.4,1.6,1.7,2.1,1.7,1.7,2.3,1.4,1.3,1.1,2.2,1.3,1.5,2.6,2.1,1.6,1.6,1.6,1.0,1.3,1.4,1.2,0.7,0.7,0.7,0.6,1.1,1.0,1.1,0.7,0.9,1.0,1.5,2.8,1.9,1.4,1.3,1.9,1.7,0.5,1.4,1.4,0.7,1.0,0.4,0.4
2.6,2.4,2.5,2.5,2.1,2.1,2.1,2.6,2.6,3.1,3.0,2.9,3.1,2.1,2.6,2.7,2.6,1.9,1.8,1.6,1.8,1.7,1.7,1.8,1.5,1.2,1.6,2.2,2.7,2.5,3.1,2.2,2.5,2.4,2.8,3.1,3.1,3.5,3.3,3.1,3.6,3.0,2.5,2.0,2.0,1.8,0.8,0.8,0.3,0.4,0.8,0.6,1.0,0.7,1.3,1.2,1.3,2.1,2.3,1.9,1.2,1.8,2.5,2.2,2.3,2.2,2.4,1.7,1.9,2.1,1.8,2.2,2.1,2.1,2.5,1.9,1.9,3.2,3.2,3.1,3.0,2.8,2.7,2.2,2.9,2.5,2.2,1.4,2.1,2.0,1.4,1.9,1.5,1.3,0.9,1.2,1.4,1.5,1.5,1.6,2.4,1.9,2.1,2.7,3.3,2.8,3.1,3.1,3.5,3.4,3.8,3.1,2.9,3.5,3.2,3.5,3.0,2.7,3.3,3.3,3.0,3.6,3.3,3.2,2.6,2.5,3.1,3.1,3.1,3.1,3.1,2.3,2.7,2.5,2.7,2.4,2.5,2.2,2.8,2.5,2.5,2.6,2.3,2.8,2.7,2.7,3.2,2.9,3.4,3.4,3.8,4.1,4.2,3.7,3.7,3.4,3.7,4.0,3.7,3.9,4.0,4.8,4.4,4.2,3.8,4.1,3.5,3.5,4.2,4.4,4.0,3.7,3.4,3.0,2.7,2.6,2.7,2.7,2.5,2.5,3.5,3.1,2.9,2.7,2.7,2.8,3.2,2.5,3.0,2.8,3.0,2.9,2.9,2.6,2.9,2.7,2.6,2.2,2.7,2.8,3.1,3.2,3.2,3.9,3.5,3.5,3.1,3.5,3.3,2.7,2.7,2.8,2.7,2.8,2.9,2.4,2.7,2.7,2.7,2.5,2.7,2.7,2.7,3.0,2.8,2.8,3.2,3.0,3.2,3.1,3.1,3.0,2.5,2.8,2.8,3.3,2.2,1.9,2.3,2.8,2.8,2.6,2.1,2.3,2.2,2.5,2.7,2.3,2.3,2.4,2.4,2.9,2.3,2.6,2.1,1.6,1.6,1.9,1.9,1.9,1.7,1.6,1.8,2.0,1.7,1.8,1.7,2.0,1.8,1.4,1.6,1.8,1.8,1.7,1.5,2.5,2.2,2.3,2.3,2.7,2.7,2.4,1.7,1.9,1.7,1.7,1.7,1.7,1.3,0.9,1.1,1.0,0.6,0.9,0.7,0.5,1.0,1.3,1.2,0.5,1.4,1.4,0.9,1.3,0.7,0.3,0.9,0.9,0.8,1.1,1.5,1.3,1.1,1.2,1.3,1.5,1.4,1.6,1.5,0.2,0.2,0.0,0.6,0.1,0.8,1.5,1.7,1.3,0.5,0.6,0.7,0.7,0.6,0.5,0.5,0.4,0.7,0.5,0.5,0.5,0.4,0.4,0.6,0.5,0.7,0.3,0.7,1.4,1.7,1.9,1.2,0.7,0.2,0.4,0.9,0.9,0.8,0.6,0.9,1.2,0.9,1.2,1.0,1.3,2.8,2.9,2.4,2.4,2.2,3.1,3.1,3.2,3.5,3.9,4.6,4.6,4.0,3.1,3.2,2.9,3.1,3.3,3.4,3.5,3.0,3.2,2.9,3.4,3.3,3.3,3.8,3.9,3.8,3.3,3.7,3.8,4.0,4.0,4.1,3.8,3.7,3.5,3.5,3.8,3.7,2.9,2.6,2.5,2.6,1.9,2.2,1.8,1.8,1.7,2.0,1.9,2.1,2.8,3.2,3.0,3.0,3.2,3.1,3.0,2.9,2.8,2.4,2.5,2.8,2.7,2.5,1.7,1.5,1.3,1.1,1.2,1.5,1.6,1.5,1.4,1.7,1.7,1.1,0.5,1.2,1.2,1.1,1.8,1.9,1.6,1.5,1.2,0.9,1.0,0.9,1.1,1.0,0.5,0.5,0.4,0.4,0.9,0.7,0.4,0.5,0.2,0.5,2.1,2.0,1.5,1.6,1.3,1.5,0.7,1.0,0.7,0.6,0.7,0.7,0.3
